[
  {
    "shortDescription" : "Random forest classifier created by Turi Create (version 5.8)",
    "metadataOutputVersion" : "3.0",
    "outputSchema" : [
      {
        "isOptional" : "0",
        "formattedType" : "String",
        "type" : "String",
        "name" : "ec",
        "shortDescription" : ""
      },
      {
        "isOptional" : "0",
        "keyType" : "String",
        "formattedType" : "Dictionary (String → Double)",
        "type" : "Dictionary",
        "name" : "ecProbability",
        "shortDescription" : ""
      }
    ],
    "version" : "",
    "modelParameters" : [

    ],
    "author" : "",
    "specificationVersion" : 1,
    "license" : "",
    "isUpdatable" : "0",
    "availability" : {
      "macOS" : "10.13",
      "tvOS" : "11.0",
      "watchOS" : "4.0",
      "iOS" : "11.0",
      "macCatalyst" : "11.0"
    },
    "modelType" : {
      "name" : "MLModelType_pipelineClassifier",
      "structure" : [
        {
          "name" : "MLModelType_featureVectorizer"
        },
        {
          "name" : "MLModelType_treeEnsembleClassifier"
        }
      ]
    },
    "inputSchema" : [
      {
        "isOptional" : "0",
        "formattedType" : "Double",
        "type" : "Double",
        "name" : "last_use_Malware Removal",
        "shortDescription" : ""
      },
      {
        "isOptional" : "0",
        "formattedType" : "Double",
        "type" : "Double",
        "name" : "last_use_Privacy",
        "shortDescription" : ""
      },
      {
        "isOptional" : "0",
        "formattedType" : "Double",
        "type" : "Double",
        "name" : "last_use_System Junk",
        "shortDescription" : ""
      },
      {
        "isOptional" : "0",
        "formattedType" : "Double",
        "type" : "Double",
        "name" : "last_use_Large & Old Files",
        "shortDescription" : ""
      },
      {
        "isOptional" : "0",
        "formattedType" : "Double",
        "type" : "Double",
        "name" : "last_use_Trash Bins",
        "shortDescription" : ""
      },
      {
        "isOptional" : "0",
        "formattedType" : "Double",
        "type" : "Double",
        "name" : "last_use_Optimization",
        "shortDescription" : ""
      },
      {
        "isOptional" : "0",
        "formattedType" : "Double",
        "type" : "Double",
        "name" : "last_use_Mail Attachments",
        "shortDescription" : ""
      },
      {
        "isOptional" : "0",
        "formattedType" : "Double",
        "type" : "Double",
        "name" : "last_use_Space Lens",
        "shortDescription" : ""
      },
      {
        "isOptional" : "0",
        "formattedType" : "Double",
        "type" : "Double",
        "name" : "last_use_Extensions",
        "shortDescription" : ""
      },
      {
        "isOptional" : "0",
        "formattedType" : "Double",
        "type" : "Double",
        "name" : "last_use_Uninstaller",
        "shortDescription" : ""
      },
      {
        "isOptional" : "0",
        "formattedType" : "Double",
        "type" : "Double",
        "name" : "last_use_Updater",
        "shortDescription" : ""
      },
      {
        "isOptional" : "0",
        "formattedType" : "Double",
        "type" : "Double",
        "name" : "last_use_Maintenance",
        "shortDescription" : ""
      },
      {
        "isOptional" : "0",
        "formattedType" : "Double",
        "type" : "Double",
        "name" : "last_use_File Manager",
        "shortDescription" : ""
      },
      {
        "isOptional" : "0",
        "formattedType" : "Double",
        "type" : "Double",
        "name" : "last_use_Shredder",
        "shortDescription" : ""
      }
    ],
    "classLabels" : [
      "Extensions",
      "File Manager",
      "Large & Old Files",
      "Mail Attachments",
      "Maintenance",
      "Malware Removal",
      "Optimization",
      "Privacy",
      "Shredder",
      "Space Lens",
      "System Junk",
      "Trash Bins",
      "Uninstaller",
      "Updater"
    ],
    "generatedClassName" : "SmartAssistant",
    "userDefinedMetadata" : {
      "turicreate_version" : "5.8"
    },
    "method" : "predict"
  }
]